{"cameraMode":{"drawMode":0,"name":"Shaded","section":"Shading Mode"},"sceneLighting":true,"audioPlay":false,"sceneViewState":{"showFog":true,"showMaterialUpdate":false,"showSkybox":true,"showFlares":true,"showImageEffects":true,"showParticleSystems":true},"in2DMode":false,"pivot":{"x":-1.4157516956329346,"y":5.968074798583984,"z":-9.167171478271485},"rotation":{"x":-0.37433815002441409,"y":-0.18261617422103883,"z":0.07548036426305771,"w":-0.9060224890708923},"size":5.246222496032715,"orthographic":false}