{"cameraMode":{"drawMode":0,"name":"Shaded","section":"Shading Mode"},"sceneLighting":false,"audioPlay":false,"sceneViewState":{"showFog":true,"showMaterialUpdate":false,"showSkybox":false,"showFlares":true,"showImageEffects":true,"showParticleSystems":true},"in2DMode":false,"pivot":{"x":4.911762237548828,"y":-4.338907241821289,"z":-12.689214706420899},"rotation":{"x":-0.13623598217964173,"y":-0.83568274974823,"z":0.23968496918678285,"w":-0.4750421345233917},"size":29.125598907470704,"orthographic":false}